,open,high,low,close,adjclose,volume,ticker
2018-01-02,0.14090000092983246,0.14100000262260437,0.13819999992847443,0.14000000059604645,0.14000000059604645,31188.0,WIG
2018-01-03,0.1420000046491623,0.14300000667572021,0.13600000739097595,0.13899999856948853,0.13899999856948853,75567.0,WIG
2018-01-04,0.13650000095367432,0.1420000046491623,0.1354999989271164,0.13850000500679016,0.13850000500679016,138650.0,WIG
2018-01-05,0.1379999965429306,0.14350000023841858,0.13750000298023224,0.13850000500679016,0.13850000500679016,47600.0,WIG
2018-01-08,0.13699999451637268,0.14000000059604645,0.13699999451637268,0.13950000703334808,0.13950000703334808,30400.0,WIG
2018-01-09,0.14000000059604645,0.14300000667572021,0.1379999965429306,0.1404999941587448,0.1404999941587448,111172.0,WIG
2018-01-10,0.14000000059604645,0.14000000059604645,0.1379999965429306,0.13850000500679016,0.13850000500679016,59137.0,WIG
2018-01-11,0.14000000059604645,0.14000000059604645,0.13750000298023224,0.13950000703334808,0.13950000703334808,17750.0,WIG
2018-01-12,0.13750000298023224,0.14000000059604645,0.13750000298023224,0.13950000703334808,0.13950000703334808,100950.0,WIG
2018-01-16,0.14000000059604645,0.14100000262260437,0.13950000703334808,0.14100000262260437,0.14100000262260437,49681.0,WIG
2018-01-17,0.14350000023841858,0.14350000023841858,0.13950000703334808,0.14149999618530273,0.14149999618530273,44625.0,WIG
2018-01-18,0.1404999941587448,0.1404999941587448,0.1404999941587448,0.1404999941587448,0.1404999941587448,14287.0,WIG
2018-01-19,0.1404999941587448,0.14149999618530273,0.1404999941587448,0.1404999941587448,0.1404999941587448,87563.0,WIG
2018-01-22,0.14000000059604645,0.14000000059604645,0.14000000059604645,0.14000000059604645,0.14000000059604645,35457.0,WIG
2018-01-23,0.14000000059604645,0.14300000667572021,0.14000000059604645,0.1420000046491623,0.1420000046491623,139675.0,WIG
2018-01-24,0.14300000667572021,0.14300000667572021,0.14249999821186066,0.14300000667572021,0.14300000667572021,125200.0,WIG
2018-01-25,0.14149999618530273,0.14350000023841858,0.14149999618530273,0.14350000023841858,0.14350000023841858,158190.0,WIG
2018-01-26,0.14149999618530273,0.14300000667572021,0.14149999618530273,0.14249999821186066,0.14249999821186066,66633.0,WIG
2018-01-29,0.14149999618530273,0.14249999821186066,0.14149999618530273,0.14249999821186066,0.14249999821186066,49000.0,WIG
2018-01-30,0.1420000046491623,0.14399999380111694,0.1420000046491623,0.14399999380111694,0.14399999380111694,188912.0,WIG
2018-01-31,0.14399999380111694,0.14399999380111694,0.14149999618530273,0.14350000023841858,0.14350000023841858,16537.0,WIG
2018-02-01,0.1404999941587448,0.14350000023841858,0.1404999941587448,0.14149999618530273,0.14149999618530273,121295.0,WIG
2018-02-02,0.14350000023841858,0.14350000023841858,0.14000000059604645,0.14000000059604645,0.14000000059604645,78976.0,WIG
2018-02-05,0.14000000059604645,0.14100000262260437,0.13899999856948853,0.13950000703334808,0.13950000703334808,77901.0,WIG
2018-02-06,0.13899999856948853,0.13899999856948853,0.13449999690055847,0.1354999989271164,0.1354999989271164,64152.0,WIG
2018-02-07,0.13750000298023224,0.13750000298023224,0.13500000536441803,0.13750000298023224,0.13750000298023224,21300.0,WIG
2018-02-08,0.13850000500679016,0.14000000059604645,0.1354999989271164,0.13600000739097595,0.13600000739097595,41600.0,WIG
2018-02-09,0.13600000739097595,0.13600000739097595,0.13449999690055847,0.13600000739097595,0.13600000739097595,11690.0,WIG
2018-02-12,0.13650000095367432,0.13650000095367432,0.13650000095367432,0.13650000095367432,0.13650000095367432,220.0,WIG
2018-02-13,0.1340000033378601,0.14000000059604645,0.1340000033378601,0.13449999690055847,0.13449999690055847,68218.0,WIG
2018-02-14,0.1340000033378601,0.1354999989271164,0.1340000033378601,0.1354999989271164,0.1354999989271164,22024.0,WIG
2018-02-15,0.13449999690055847,0.13950000703334808,0.13449999690055847,0.13899999856948853,0.13899999856948853,40259.0,WIG
2018-02-16,0.14000000059604645,0.14000000059604645,0.13600000739097595,0.13899999856948853,0.13899999856948853,22184.0,WIG
2018-02-20,0.13500000536441803,0.13750000298023224,0.13500000536441803,0.13750000298023224,0.13750000298023224,3676.0,WIG
2018-02-21,0.13699999451637268,0.13699999451637268,0.13449999690055847,0.13500000536441803,0.13500000536441803,13437.0,WIG
2018-02-22,0.13500000536441803,0.13500000536441803,0.1340000033378601,0.1340000033378601,0.1340000033378601,44127.0,WIG
2018-02-23,0.1340000033378601,0.13600000739097595,0.1340000033378601,0.13500000536441803,0.13500000536441803,21283.0,WIG
2018-02-26,0.13850000500679016,0.13850000500679016,0.13500000536441803,0.13500000536441803,0.13500000536441803,3658.0,WIG
2018-02-27,0.13500000536441803,0.13600000739097595,0.13500000536441803,0.13600000739097595,0.13600000739097595,8044.0,WIG
2018-02-28,0.13600000739097595,0.13600000739097595,0.13600000739097595,0.13600000739097595,0.13600000739097595,7187.0,WIG
2018-03-01,,,,,,,WIG
2018-03-02,,,,,,,WIG
2018-03-05,,,,,,,WIG
2018-03-06,,,,,,,WIG
2018-03-07,,,,,,,WIG
2018-03-08,,,,,,,WIG
2018-03-09,,,,,,,WIG
2018-03-12,,,,,,,WIG
2018-03-13,,,,,,,WIG
2018-03-14,,,,,,,WIG
2018-03-15,,,,,,,WIG
2018-03-16,,,,,,,WIG
2018-03-19,,,,,,,WIG
2018-03-20,,,,,,,WIG
2018-03-21,,,,,,,WIG
2018-03-22,,,,,,,WIG
2018-03-23,,,,,,,WIG
2018-03-26,,,,,,,WIG
2018-03-27,,,,,,,WIG
2018-03-28,,,,,,,WIG
2018-03-29,,,,,,,WIG
2018-04-02,,,,,,,WIG
2018-04-03,,,,,,,WIG
2018-04-04,,,,,,,WIG
2018-04-05,,,,,,,WIG
2018-04-06,,,,,,,WIG
2018-04-09,,,,,,,WIG
2018-04-10,,,,,,,WIG
2018-04-11,,,,,,,WIG
2018-04-12,,,,,,,WIG
2018-04-13,,,,,,,WIG
2018-04-16,,,,,,,WIG
2018-04-17,,,,,,,WIG
2018-04-18,,,,,,,WIG
2018-04-19,,,,,,,WIG
2018-04-20,,,,,,,WIG
2018-04-23,,,,,,,WIG
2018-04-24,,,,,,,WIG
2018-04-25,,,,,,,WIG
2018-04-26,,,,,,,WIG
2018-04-27,,,,,,,WIG
2018-04-30,,,,,,,WIG
2018-05-01,,,,,,,WIG
2018-05-02,,,,,,,WIG
2018-05-03,,,,,,,WIG
2018-05-04,,,,,,,WIG
2018-05-07,,,,,,,WIG
2018-05-08,,,,,,,WIG
2018-05-09,,,,,,,WIG
2018-05-10,,,,,,,WIG
2018-05-11,,,,,,,WIG
2018-05-14,,,,,,,WIG
2018-05-15,,,,,,,WIG
2018-05-16,,,,,,,WIG
2018-05-17,,,,,,,WIG
2018-05-18,,,,,,,WIG
2018-05-21,,,,,,,WIG
2018-05-22,,,,,,,WIG
2018-05-23,,,,,,,WIG
2018-05-24,,,,,,,WIG
2018-05-25,,,,,,,WIG
2018-05-29,,,,,,,WIG
2018-05-30,,,,,,,WIG
2018-05-31,,,,,,,WIG
2018-06-01,,,,,,,WIG
2018-06-04,,,,,,,WIG
2018-06-05,,,,,,,WIG
2018-06-06,,,,,,,WIG
2018-06-07,,,,,,,WIG
2018-06-08,,,,,,,WIG
2018-06-11,,,,,,,WIG
2018-06-12,,,,,,,WIG
2018-06-13,,,,,,,WIG
2018-06-14,,,,,,,WIG
2018-06-15,,,,,,,WIG
2018-06-18,,,,,,,WIG
2018-06-19,,,,,,,WIG
2018-06-20,,,,,,,WIG
2018-06-21,,,,,,,WIG
2018-06-22,,,,,,,WIG
2018-06-25,,,,,,,WIG
2018-06-26,,,,,,,WIG
2018-06-27,,,,,,,WIG
2018-06-28,,,,,,,WIG
2018-06-29,,,,,,,WIG
2018-07-02,,,,,,,WIG
2018-07-03,,,,,,,WIG
2018-07-05,,,,,,,WIG
2018-07-06,,,,,,,WIG
2018-07-09,,,,,,,WIG
2018-07-10,,,,,,,WIG
2018-07-11,,,,,,,WIG
2018-07-12,,,,,,,WIG
2018-07-13,,,,,,,WIG
2018-07-16,,,,,,,WIG
2018-07-17,,,,,,,WIG
2018-07-18,,,,,,,WIG
2018-07-19,,,,,,,WIG
2018-07-20,,,,,,,WIG
2018-07-23,,,,,,,WIG
2018-07-24,,,,,,,WIG
2018-07-25,,,,,,,WIG
2018-07-26,,,,,,,WIG
2018-07-27,,,,,,,WIG
2018-07-30,,,,,,,WIG
2018-07-31,,,,,,,WIG
2018-08-01,,,,,,,WIG
2018-08-02,,,,,,,WIG
2018-08-03,,,,,,,WIG
2018-08-06,,,,,,,WIG
2018-08-07,,,,,,,WIG
2018-08-08,,,,,,,WIG
2018-08-09,,,,,,,WIG
2018-08-10,,,,,,,WIG
2018-08-13,,,,,,,WIG
2018-08-14,,,,,,,WIG
2018-08-15,,,,,,,WIG
2018-08-16,,,,,,,WIG
2018-08-17,,,,,,,WIG
2018-08-20,,,,,,,WIG
2018-08-21,,,,,,,WIG
2018-08-22,,,,,,,WIG
2018-08-23,,,,,,,WIG
2018-08-24,,,,,,,WIG
2018-08-27,,,,,,,WIG
2018-08-28,,,,,,,WIG
2018-08-29,,,,,,,WIG
2018-08-30,,,,,,,WIG
2018-08-31,,,,,,,WIG
2018-09-04,,,,,,,WIG
2018-09-05,,,,,,,WIG
2018-09-06,,,,,,,WIG
2018-09-07,,,,,,,WIG
2018-09-10,,,,,,,WIG
2018-09-11,,,,,,,WIG
2018-09-12,,,,,,,WIG
2018-09-13,,,,,,,WIG
2018-09-14,,,,,,,WIG
2018-09-17,,,,,,,WIG
2018-09-18,,,,,,,WIG
2018-09-19,,,,,,,WIG
2018-09-20,,,,,,,WIG
2018-09-21,,,,,,,WIG
2018-09-24,,,,,,,WIG
2018-09-25,,,,,,,WIG
2018-09-26,,,,,,,WIG
2018-09-27,,,,,,,WIG
2018-09-28,,,,,,,WIG
2018-10-01,,,,,,,WIG
2018-10-02,,,,,,,WIG
2018-10-03,,,,,,,WIG
2018-10-04,,,,,,,WIG
2018-10-05,,,,,,,WIG
2018-10-08,,,,,,,WIG
2018-10-09,,,,,,,WIG
2018-10-10,,,,,,,WIG
2018-10-11,,,,,,,WIG
2018-10-12,,,,,,,WIG
2018-10-15,,,,,,,WIG
2018-10-16,,,,,,,WIG
2018-10-17,,,,,,,WIG
2018-10-18,,,,,,,WIG
2018-10-19,,,,,,,WIG
2018-10-22,,,,,,,WIG
2018-10-23,,,,,,,WIG
2018-10-24,,,,,,,WIG
2018-10-25,,,,,,,WIG
2018-10-26,,,,,,,WIG
2018-10-29,,,,,,,WIG
2018-10-30,,,,,,,WIG
2018-10-31,,,,,,,WIG
2018-11-01,,,,,,,WIG
2018-11-02,,,,,,,WIG
2018-11-05,,,,,,,WIG
2018-11-06,,,,,,,WIG
2018-11-07,,,,,,,WIG
2018-11-08,,,,,,,WIG
2018-11-09,,,,,,,WIG
2018-11-12,,,,,,,WIG
2018-11-13,,,,,,,WIG
2018-11-14,,,,,,,WIG
2018-11-15,,,,,,,WIG
2018-11-16,,,,,,,WIG
2018-11-19,,,,,,,WIG
2018-11-20,,,,,,,WIG
2018-11-21,,,,,,,WIG
2018-11-23,,,,,,,WIG
2018-11-26,,,,,,,WIG
2018-11-27,,,,,,,WIG
2018-11-28,,,,,,,WIG
2018-11-29,,,,,,,WIG
2018-11-30,,,,,,,WIG
2018-12-03,,,,,,,WIG
2018-12-04,,,,,,,WIG
2018-12-06,,,,,,,WIG
2018-12-07,,,,,,,WIG
2018-12-10,,,,,,,WIG
2018-12-11,,,,,,,WIG
2018-12-12,,,,,,,WIG
2018-12-13,,,,,,,WIG
2018-12-14,,,,,,,WIG
2018-12-17,,,,,,,WIG
2018-12-18,,,,,,,WIG
2018-12-19,,,,,,,WIG
2018-12-20,,,,,,,WIG
2018-12-21,,,,,,,WIG
2018-12-24,,,,,,,WIG
2018-12-26,,,,,,,WIG
2018-12-27,,,,,,,WIG
2018-12-28,,,,,,,WIG
2018-12-31,,,,,,,WIG
2019-01-02,,,,,,,WIG
2019-01-03,,,,,,,WIG
2019-01-04,,,,,,,WIG
2019-01-07,,,,,,,WIG
2019-01-08,,,,,,,WIG
2019-01-09,,,,,,,WIG
2019-01-10,,,,,,,WIG
2019-01-11,,,,,,,WIG
2019-01-14,,,,,,,WIG
2019-01-15,,,,,,,WIG
2019-01-16,,,,,,,WIG
2019-01-17,,,,,,,WIG
2019-01-18,,,,,,,WIG
2019-01-22,,,,,,,WIG
2019-01-23,,,,,,,WIG
2019-01-24,,,,,,,WIG
2019-01-25,,,,,,,WIG
2019-01-28,,,,,,,WIG
2019-01-29,,,,,,,WIG
2019-01-30,,,,,,,WIG
2019-01-31,,,,,,,WIG
2019-02-01,,,,,,,WIG
2019-02-04,,,,,,,WIG
2019-02-05,,,,,,,WIG
2019-02-06,,,,,,,WIG
2019-02-07,,,,,,,WIG
2019-02-08,,,,,,,WIG
2019-02-11,,,,,,,WIG
2019-02-12,,,,,,,WIG
2019-02-13,,,,,,,WIG
2019-02-14,,,,,,,WIG
2019-02-15,,,,,,,WIG
2019-02-19,,,,,,,WIG
2019-02-20,,,,,,,WIG
2019-02-21,,,,,,,WIG
2019-02-22,,,,,,,WIG
2019-02-25,,,,,,,WIG
2019-02-26,,,,,,,WIG
2019-02-27,,,,,,,WIG
2019-02-28,,,,,,,WIG
2019-03-01,,,,,,,WIG
2019-03-04,,,,,,,WIG
2019-03-05,,,,,,,WIG
2019-03-06,,,,,,,WIG
2019-03-07,,,,,,,WIG
2019-03-08,,,,,,,WIG
2019-03-11,,,,,,,WIG
2019-03-12,,,,,,,WIG
2019-03-13,,,,,,,WIG
2019-03-14,,,,,,,WIG
2019-03-15,,,,,,,WIG
2019-03-18,,,,,,,WIG
2019-03-19,,,,,,,WIG
2019-03-20,,,,,,,WIG
2019-03-21,,,,,,,WIG
2019-03-22,,,,,,,WIG
2019-03-25,,,,,,,WIG
2019-03-26,,,,,,,WIG
2019-03-27,,,,,,,WIG
2019-03-28,,,,,,,WIG
2019-03-29,,,,,,,WIG
2019-04-01,,,,,,,WIG
2019-04-02,,,,,,,WIG
2019-04-03,,,,,,,WIG
2019-04-04,,,,,,,WIG
2019-04-05,,,,,,,WIG
2019-04-08,,,,,,,WIG
2019-04-09,,,,,,,WIG
2019-04-10,,,,,,,WIG
2019-04-11,,,,,,,WIG
2019-04-12,,,,,,,WIG
2019-04-15,,,,,,,WIG
2019-04-16,,,,,,,WIG
2019-04-17,,,,,,,WIG
2019-04-18,,,,,,,WIG
2019-04-22,,,,,,,WIG
2019-04-23,,,,,,,WIG
2019-04-24,,,,,,,WIG
2019-04-25,,,,,,,WIG
2019-04-26,,,,,,,WIG
2019-04-29,,,,,,,WIG
2019-04-30,,,,,,,WIG
2019-05-01,,,,,,,WIG
2019-05-02,,,,,,,WIG
2019-05-03,,,,,,,WIG
2019-05-06,,,,,,,WIG
2019-05-07,,,,,,,WIG
2019-05-08,,,,,,,WIG
2019-05-09,,,,,,,WIG
2019-05-10,,,,,,,WIG
2019-05-13,,,,,,,WIG
2019-05-14,,,,,,,WIG
2019-05-15,,,,,,,WIG
2019-05-16,,,,,,,WIG
2019-05-17,,,,,,,WIG
2019-05-20,,,,,,,WIG
2019-05-21,,,,,,,WIG
2019-05-22,,,,,,,WIG
2019-05-23,,,,,,,WIG
2019-05-24,,,,,,,WIG
2019-05-28,,,,,,,WIG
2019-05-29,,,,,,,WIG
2019-05-30,,,,,,,WIG
2019-05-31,,,,,,,WIG
2019-06-03,,,,,,,WIG
2019-06-04,,,,,,,WIG
2019-06-05,,,,,,,WIG
2019-06-06,,,,,,,WIG
2019-06-07,,,,,,,WIG
2019-06-10,,,,,,,WIG
2019-06-11,,,,,,,WIG
2019-06-12,,,,,,,WIG
2019-06-13,,,,,,,WIG
2019-06-14,,,,,,,WIG
2019-06-17,,,,,,,WIG
2019-06-18,,,,,,,WIG
2019-06-19,,,,,,,WIG
2019-06-20,,,,,,,WIG
2019-06-21,,,,,,,WIG
2019-06-24,,,,,,,WIG
2019-06-25,,,,,,,WIG
2019-06-26,,,,,,,WIG
2019-06-27,,,,,,,WIG
2019-06-28,,,,,,,WIG
2019-07-01,,,,,,,WIG
2019-07-02,,,,,,,WIG
2019-07-03,,,,,,,WIG
2019-07-05,,,,,,,WIG
2019-07-08,,,,,,,WIG
2019-07-09,,,,,,,WIG
2019-07-10,,,,,,,WIG
2019-07-11,,,,,,,WIG
2019-07-12,,,,,,,WIG
2019-07-15,,,,,,,WIG
2019-07-16,,,,,,,WIG
2019-07-17,,,,,,,WIG
2019-07-18,,,,,,,WIG
2019-07-19,,,,,,,WIG
2019-07-22,,,,,,,WIG
2019-07-23,,,,,,,WIG
2019-07-24,,,,,,,WIG
2019-07-25,,,,,,,WIG
2019-07-26,,,,,,,WIG
2019-07-29,,,,,,,WIG
2019-07-30,,,,,,,WIG
2019-07-31,,,,,,,WIG
2019-08-01,,,,,,,WIG
2019-08-02,,,,,,,WIG
2019-08-05,,,,,,,WIG
2019-08-06,,,,,,,WIG
2019-08-07,,,,,,,WIG
2019-08-08,,,,,,,WIG
2019-08-09,,,,,,,WIG
2019-08-12,,,,,,,WIG
2019-08-13,,,,,,,WIG
2019-08-14,,,,,,,WIG
2019-08-15,,,,,,,WIG
2019-08-16,,,,,,,WIG
2019-08-19,,,,,,,WIG
2019-08-20,,,,,,,WIG
2019-08-21,,,,,,,WIG
2019-08-22,,,,,,,WIG
2019-08-23,,,,,,,WIG
2019-08-26,,,,,,,WIG
2019-08-27,,,,,,,WIG
2019-08-28,,,,,,,WIG
2019-08-29,,,,,,,WIG
2019-08-30,,,,,,,WIG
2019-09-03,,,,,,,WIG
2019-09-04,,,,,,,WIG
2019-09-05,,,,,,,WIG
2019-09-06,,,,,,,WIG
2019-09-09,,,,,,,WIG
2019-09-10,,,,,,,WIG
2019-09-11,,,,,,,WIG
2019-09-12,,,,,,,WIG
2019-09-13,,,,,,,WIG
2019-09-16,,,,,,,WIG
2019-09-17,,,,,,,WIG
2019-09-18,,,,,,,WIG
2019-09-19,,,,,,,WIG
2019-09-20,,,,,,,WIG
2019-09-23,,,,,,,WIG
2019-09-24,,,,,,,WIG
2019-09-25,,,,,,,WIG
2019-09-26,,,,,,,WIG
2019-09-27,,,,,,,WIG
2019-09-30,,,,,,,WIG
2019-10-01,,,,,,,WIG
2019-10-02,,,,,,,WIG
2019-10-03,,,,,,,WIG
2019-10-04,,,,,,,WIG
2019-10-07,,,,,,,WIG
2019-10-08,,,,,,,WIG
2019-10-09,,,,,,,WIG
2019-10-10,,,,,,,WIG
2019-10-11,,,,,,,WIG
2019-10-14,,,,,,,WIG
2019-10-15,,,,,,,WIG
2019-10-16,,,,,,,WIG
2019-10-17,,,,,,,WIG
2019-10-18,,,,,,,WIG
2019-10-21,,,,,,,WIG
2019-10-22,,,,,,,WIG
2019-10-23,,,,,,,WIG
2019-10-24,,,,,,,WIG
2019-10-25,,,,,,,WIG
2019-10-28,,,,,,,WIG
2019-10-29,,,,,,,WIG
2019-10-30,,,,,,,WIG
2019-10-31,,,,,,,WIG
2019-11-01,,,,,,,WIG
2019-11-04,,,,,,,WIG
2019-11-05,,,,,,,WIG
2019-11-06,,,,,,,WIG
2019-11-07,,,,,,,WIG
2019-11-08,,,,,,,WIG
2019-11-11,,,,,,,WIG
2019-11-12,,,,,,,WIG
2019-11-13,,,,,,,WIG
2019-11-14,,,,,,,WIG
2019-11-15,,,,,,,WIG
2019-11-18,,,,,,,WIG
2019-11-19,,,,,,,WIG
2019-11-20,,,,,,,WIG
2019-11-21,,,,,,,WIG
2019-11-22,,,,,,,WIG
2019-11-25,,,,,,,WIG
2019-11-26,,,,,,,WIG
2019-11-27,,,,,,,WIG
2019-11-29,,,,,,,WIG
2019-12-02,,,,,,,WIG
2019-12-03,,,,,,,WIG
2019-12-04,,,,,,,WIG
2019-12-05,,,,,,,WIG
2019-12-06,,,,,,,WIG
2019-12-09,,,,,,,WIG
2019-12-10,,,,,,,WIG
2019-12-11,,,,,,,WIG
2019-12-12,,,,,,,WIG
2019-12-13,,,,,,,WIG
2019-12-16,,,,,,,WIG
2019-12-17,,,,,,,WIG
2019-12-18,,,,,,,WIG
2019-12-19,,,,,,,WIG
2019-12-20,,,,,,,WIG
2019-12-23,,,,,,,WIG
2019-12-24,,,,,,,WIG
2019-12-26,,,,,,,WIG
2019-12-27,,,,,,,WIG
2019-12-30,,,,,,,WIG
2019-12-31,,,,,,,WIG
2020-01-02,,,,,,,WIG
2020-01-03,,,,,,,WIG
2020-01-06,,,,,,,WIG
2020-01-07,,,,,,,WIG
2020-01-08,,,,,,,WIG
2020-01-09,,,,,,,WIG
2020-01-10,,,,,,,WIG
2020-01-13,,,,,,,WIG
2020-01-14,,,,,,,WIG
2020-01-15,,,,,,,WIG
2020-01-16,,,,,,,WIG
2020-01-17,,,,,,,WIG
2020-01-21,,,,,,,WIG
2020-01-22,,,,,,,WIG
2020-01-23,,,,,,,WIG
2020-01-24,,,,,,,WIG
2020-01-27,,,,,,,WIG
2020-01-28,,,,,,,WIG
2020-01-29,,,,,,,WIG
2020-01-30,,,,,,,WIG
2020-01-31,,,,,,,WIG
2020-02-03,,,,,,,WIG
2020-02-04,,,,,,,WIG
2020-02-05,,,,,,,WIG
2020-02-06,,,,,,,WIG
2020-02-07,,,,,,,WIG
2020-02-10,,,,,,,WIG
2020-02-11,,,,,,,WIG
2020-02-12,,,,,,,WIG
2020-02-13,,,,,,,WIG
2020-02-14,,,,,,,WIG
2020-02-18,,,,,,,WIG
2020-02-19,,,,,,,WIG
2020-02-20,,,,,,,WIG
2020-02-21,,,,,,,WIG
2020-02-24,,,,,,,WIG
2020-02-25,,,,,,,WIG
2020-02-26,,,,,,,WIG
2020-02-27,,,,,,,WIG
2020-02-28,,,,,,,WIG
2020-03-02,,,,,,,WIG
2020-03-03,,,,,,,WIG
2020-03-04,,,,,,,WIG
2020-03-05,,,,,,,WIG
2020-03-06,,,,,,,WIG
2020-03-09,,,,,,,WIG
2020-03-10,,,,,,,WIG
2020-03-11,,,,,,,WIG
2020-03-12,,,,,,,WIG
2020-03-13,,,,,,,WIG
2020-03-16,,,,,,,WIG
2020-03-17,,,,,,,WIG
2020-03-18,,,,,,,WIG
2020-03-19,,,,,,,WIG
2020-03-20,,,,,,,WIG
2020-03-23,,,,,,,WIG
2020-03-24,,,,,,,WIG
2020-03-25,,,,,,,WIG
2020-03-26,,,,,,,WIG
2020-03-27,,,,,,,WIG
2020-03-30,,,,,,,WIG
2020-03-31,,,,,,,WIG
2020-04-01,,,,,,,WIG
2020-04-02,,,,,,,WIG
2020-04-03,,,,,,,WIG
2020-04-06,,,,,,,WIG
2020-04-07,,,,,,,WIG
2020-04-08,,,,,,,WIG
2020-04-09,,,,,,,WIG
2020-04-13,,,,,,,WIG
2020-04-14,,,,,,,WIG
2020-04-15,,,,,,,WIG
2020-04-16,,,,,,,WIG
2020-04-17,,,,,,,WIG
2020-04-20,,,,,,,WIG
2020-04-21,,,,,,,WIG
2020-04-22,,,,,,,WIG
2020-04-23,,,,,,,WIG
2020-04-24,,,,,,,WIG
2020-04-27,,,,,,,WIG
2020-04-28,,,,,,,WIG
2020-04-29,,,,,,,WIG
2020-04-30,,,,,,,WIG
2020-05-01,,,,,,,WIG
2020-05-04,,,,,,,WIG
2020-05-05,,,,,,,WIG
2020-05-06,,,,,,,WIG
2020-05-07,,,,,,,WIG
2020-05-08,,,,,,,WIG
2020-05-11,,,,,,,WIG
2020-05-12,,,,,,,WIG
2020-05-13,,,,,,,WIG
2020-05-14,,,,,,,WIG
2020-05-15,,,,,,,WIG
2020-05-18,,,,,,,WIG
2020-05-19,,,,,,,WIG
2020-05-20,,,,,,,WIG
2020-05-21,,,,,,,WIG
2020-05-22,,,,,,,WIG
2020-05-26,,,,,,,WIG
2020-05-27,,,,,,,WIG
2020-05-28,,,,,,,WIG
2020-05-29,,,,,,,WIG
2020-06-01,,,,,,,WIG
2020-06-02,,,,,,,WIG
2020-06-03,,,,,,,WIG
2020-06-04,,,,,,,WIG
2020-06-05,,,,,,,WIG
2020-06-08,,,,,,,WIG
2020-06-09,,,,,,,WIG
2020-06-10,,,,,,,WIG
2020-06-11,,,,,,,WIG
2020-06-12,,,,,,,WIG
2020-06-15,,,,,,,WIG
2020-06-16,,,,,,,WIG
2020-06-17,,,,,,,WIG
2020-06-18,,,,,,,WIG
2020-06-19,,,,,,,WIG
2020-06-22,,,,,,,WIG
2020-06-23,,,,,,,WIG
2020-06-24,,,,,,,WIG
2020-06-25,,,,,,,WIG
2020-06-26,,,,,,,WIG
2020-06-29,,,,,,,WIG
2020-06-30,,,,,,,WIG
2020-07-01,,,,,,,WIG
2020-07-02,,,,,,,WIG
2020-07-06,,,,,,,WIG
2020-07-07,,,,,,,WIG
2020-07-08,,,,,,,WIG
2020-07-09,,,,,,,WIG
2020-07-10,,,,,,,WIG
2020-07-13,,,,,,,WIG
2020-07-14,,,,,,,WIG
2020-07-15,,,,,,,WIG
2020-07-16,,,,,,,WIG
2020-07-17,,,,,,,WIG
2020-07-20,,,,,,,WIG
2020-07-21,,,,,,,WIG
2020-07-22,,,,,,,WIG
2020-07-23,,,,,,,WIG
2020-07-24,,,,,,,WIG
2020-07-27,,,,,,,WIG
2020-07-28,,,,,,,WIG
2020-07-29,,,,,,,WIG
2020-07-30,,,,,,,WIG
2020-07-31,,,,,,,WIG
2020-08-03,,,,,,,WIG
2020-08-04,,,,,,,WIG
2020-08-05,,,,,,,WIG
2020-08-06,,,,,,,WIG
2020-08-07,,,,,,,WIG
2020-08-10,,,,,,,WIG
2020-08-11,,,,,,,WIG
2020-08-12,,,,,,,WIG
2020-08-13,,,,,,,WIG
2020-08-14,,,,,,,WIG
2020-08-17,,,,,,,WIG
2020-08-18,,,,,,,WIG
2020-08-19,,,,,,,WIG
2020-08-20,,,,,,,WIG
2020-08-21,,,,,,,WIG
2020-08-24,,,,,,,WIG
2020-08-25,,,,,,,WIG
2020-08-26,,,,,,,WIG
2020-08-27,,,,,,,WIG
2020-08-28,,,,,,,WIG
2020-08-31,,,,,,,WIG
2020-09-01,,,,,,,WIG
2020-09-02,,,,,,,WIG
2020-09-03,,,,,,,WIG
2020-09-04,,,,,,,WIG
2020-09-08,,,,,,,WIG
2020-09-09,,,,,,,WIG
2020-09-10,,,,,,,WIG
2020-09-11,,,,,,,WIG
2020-09-14,,,,,,,WIG
2020-09-15,,,,,,,WIG
2020-09-16,,,,,,,WIG
2020-09-17,,,,,,,WIG
2020-09-18,,,,,,,WIG
2020-09-21,,,,,,,WIG
2020-09-22,,,,,,,WIG
2020-09-23,,,,,,,WIG
2020-09-24,,,,,,,WIG
2020-09-25,,,,,,,WIG
2020-09-28,,,,,,,WIG
2020-09-29,,,,,,,WIG
2020-09-30,,,,,,,WIG
2020-10-01,,,,,,,WIG
2020-10-02,,,,,,,WIG
2020-10-05,,,,,,,WIG
2020-10-06,,,,,,,WIG
2020-10-07,,,,,,,WIG
2020-10-08,,,,,,,WIG
2020-10-09,,,,,,,WIG
2020-10-12,,,,,,,WIG
2020-10-13,,,,,,,WIG
2020-10-14,,,,,,,WIG
2020-10-15,,,,,,,WIG
2020-10-16,,,,,,,WIG
2020-10-19,,,,,,,WIG
2020-10-20,,,,,,,WIG
2020-10-21,,,,,,,WIG
2020-10-22,,,,,,,WIG
2020-10-23,,,,,,,WIG
2020-10-26,,,,,,,WIG
2020-10-27,,,,,,,WIG
2020-10-28,,,,,,,WIG
2020-10-29,,,,,,,WIG
2020-10-30,,,,,,,WIG
2020-11-02,,,,,,,WIG
2020-11-03,,,,,,,WIG
2020-11-04,,,,,,,WIG
2020-11-05,,,,,,,WIG
2020-11-06,,,,,,,WIG
2020-11-09,,,,,,,WIG
2020-11-10,,,,,,,WIG
2020-11-11,,,,,,,WIG
2020-11-12,,,,,,,WIG
2020-11-13,,,,,,,WIG
2020-11-16,,,,,,,WIG
2020-11-17,,,,,,,WIG
2020-11-18,,,,,,,WIG
2020-11-19,,,,,,,WIG
2020-11-20,,,,,,,WIG
2020-11-23,,,,,,,WIG
2020-11-24,,,,,,,WIG
2020-11-25,,,,,,,WIG
2020-11-27,,,,,,,WIG
2020-11-30,,,,,,,WIG
2020-12-01,,,,,,,WIG
2020-12-02,,,,,,,WIG
2020-12-03,,,,,,,WIG
2020-12-04,,,,,,,WIG
2020-12-07,,,,,,,WIG
2020-12-08,,,,,,,WIG
2020-12-09,,,,,,,WIG
2020-12-10,,,,,,,WIG
2020-12-11,,,,,,,WIG
2020-12-14,,,,,,,WIG
2020-12-15,,,,,,,WIG
2020-12-16,,,,,,,WIG
2020-12-17,,,,,,,WIG
2020-12-18,,,,,,,WIG
2020-12-21,,,,,,,WIG
2020-12-22,,,,,,,WIG
2020-12-23,,,,,,,WIG
2020-12-24,,,,,,,WIG
2020-12-28,,,,,,,WIG
2020-12-29,,,,,,,WIG
2020-12-30,,,,,,,WIG
2020-12-31,,,,,,,WIG
2021-01-04,,,,,,,WIG
2021-01-05,,,,,,,WIG
2021-01-06,,,,,,,WIG
2021-01-07,,,,,,,WIG
2021-01-08,,,,,,,WIG
2021-01-11,,,,,,,WIG
2021-01-12,,,,,,,WIG
2021-01-13,,,,,,,WIG
2021-01-14,,,,,,,WIG
2021-01-15,,,,,,,WIG
2021-01-19,,,,,,,WIG
2021-01-20,,,,,,,WIG
2021-01-21,,,,,,,WIG
2021-01-22,,,,,,,WIG
2021-01-25,,,,,,,WIG
2021-01-26,,,,,,,WIG
2021-01-27,,,,,,,WIG
2021-01-28,,,,,,,WIG
2021-01-29,,,,,,,WIG
2021-02-01,,,,,,,WIG
2021-02-02,,,,,,,WIG
2021-02-03,,,,,,,WIG
2021-02-04,,,,,,,WIG
2021-02-05,,,,,,,WIG
2021-02-08,,,,,,,WIG
2021-02-09,,,,,,,WIG
2021-02-10,,,,,,,WIG
2021-02-11,,,,,,,WIG
2021-02-12,,,,,,,WIG
2021-02-16,,,,,,,WIG
2021-02-17,,,,,,,WIG
2021-02-18,,,,,,,WIG
2021-02-19,,,,,,,WIG
2021-02-22,,,,,,,WIG
2021-02-23,,,,,,,WIG
2021-02-24,,,,,,,WIG
2021-02-25,,,,,,,WIG
2021-02-26,,,,,,,WIG
2021-03-01,,,,,,,WIG
2021-03-02,,,,,,,WIG
2021-03-03,,,,,,,WIG
2021-03-04,,,,,,,WIG
2021-03-05,,,,,,,WIG
2021-03-08,,,,,,,WIG
2021-03-09,,,,,,,WIG
2021-03-10,,,,,,,WIG
2021-03-11,,,,,,,WIG
2021-03-12,,,,,,,WIG
2021-03-15,,,,,,,WIG
2021-03-16,,,,,,,WIG
2021-03-17,,,,,,,WIG
2021-03-18,,,,,,,WIG
2021-03-19,,,,,,,WIG
2021-03-22,,,,,,,WIG
2021-03-23,,,,,,,WIG
2021-03-24,,,,,,,WIG
2021-03-25,,,,,,,WIG
2021-03-26,,,,,,,WIG
2021-03-29,,,,,,,WIG
2021-03-30,,,,,,,WIG
2021-03-31,,,,,,,WIG
2021-04-01,,,,,,,WIG
2021-04-05,,,,,,,WIG
2021-04-06,,,,,,,WIG
2021-04-07,,,,,,,WIG
2021-04-08,,,,,,,WIG
2021-04-09,,,,,,,WIG
2021-04-12,,,,,,,WIG
2021-04-13,,,,,,,WIG
2021-04-14,,,,,,,WIG
2021-04-15,,,,,,,WIG
2021-04-16,,,,,,,WIG
2021-04-19,,,,,,,WIG
2021-04-20,,,,,,,WIG
2021-04-21,,,,,,,WIG
2021-04-22,,,,,,,WIG
2021-04-23,,,,,,,WIG
2021-04-26,,,,,,,WIG
2021-04-27,,,,,,,WIG
2021-04-28,,,,,,,WIG
2021-04-29,,,,,,,WIG
2021-04-30,,,,,,,WIG
2021-05-03,,,,,,,WIG
2021-05-04,,,,,,,WIG
2021-05-05,,,,,,,WIG
2021-05-06,,,,,,,WIG
2021-05-07,,,,,,,WIG
2021-05-10,,,,,,,WIG
2021-05-11,,,,,,,WIG
2021-05-12,,,,,,,WIG
2021-05-13,,,,,,,WIG
2021-05-14,,,,,,,WIG
2021-05-17,,,,,,,WIG
2021-05-18,,,,,,,WIG
2021-05-19,,,,,,,WIG
2021-05-20,,,,,,,WIG
2021-05-21,,,,,,,WIG
2021-05-24,,,,,,,WIG
2021-05-25,,,,,,,WIG
2021-05-26,,,,,,,WIG
2021-05-27,,,,,,,WIG
2021-05-28,,,,,,,WIG
2021-06-01,,,,,,,WIG
2021-06-02,,,,,,,WIG
2021-06-03,,,,,,,WIG
2021-06-04,,,,,,,WIG
2021-06-07,,,,,,,WIG
2021-06-08,,,,,,,WIG
2021-06-09,,,,,,,WIG
2021-06-10,,,,,,,WIG
2021-06-11,,,,,,,WIG
2021-06-14,,,,,,,WIG
2021-06-15,,,,,,,WIG
2021-06-16,,,,,,,WIG
2021-06-17,,,,,,,WIG
2021-06-18,,,,,,,WIG
2021-06-21,,,,,,,WIG
2021-06-22,,,,,,,WIG
2021-06-23,,,,,,,WIG
2021-06-24,,,,,,,WIG
2021-06-25,,,,,,,WIG
2021-06-28,,,,,,,WIG
2021-06-29,,,,,,,WIG
2021-06-30,,,,,,,WIG
2021-07-01,,,,,,,WIG
2021-07-02,,,,,,,WIG
2021-07-06,,,,,,,WIG
2021-07-07,,,,,,,WIG
2021-07-08,,,,,,,WIG
2021-07-09,,,,,,,WIG
2021-07-12,,,,,,,WIG
2021-07-13,,,,,,,WIG
2021-07-14,,,,,,,WIG
2021-07-15,,,,,,,WIG
2021-07-16,,,,,,,WIG
2021-07-19,,,,,,,WIG
2021-07-20,,,,,,,WIG
2021-07-21,,,,,,,WIG
2021-07-22,,,,,,,WIG
2021-07-23,,,,,,,WIG
2021-07-26,,,,,,,WIG
2021-07-27,,,,,,,WIG
2021-07-28,,,,,,,WIG
2021-07-29,,,,,,,WIG
2021-07-30,,,,,,,WIG
2021-08-02,,,,,,,WIG
2021-08-03,,,,,,,WIG
2021-08-04,,,,,,,WIG
2021-08-05,,,,,,,WIG
2021-08-06,,,,,,,WIG
2021-08-09,,,,,,,WIG
2021-08-10,,,,,,,WIG
2021-08-11,,,,,,,WIG
2021-08-12,,,,,,,WIG
2021-08-13,,,,,,,WIG
2021-08-16,,,,,,,WIG
2021-08-17,,,,,,,WIG
2021-08-18,,,,,,,WIG
2021-08-19,,,,,,,WIG
2021-08-20,,,,,,,WIG
2021-08-23,,,,,,,WIG
2021-08-24,,,,,,,WIG
2021-08-25,,,,,,,WIG
2021-08-26,,,,,,,WIG
2021-08-27,,,,,,,WIG
2021-08-30,,,,,,,WIG
2021-08-31,,,,,,,WIG
2021-09-01,,,,,,,WIG
2021-09-02,,,,,,,WIG
2021-09-03,,,,,,,WIG
2021-09-07,,,,,,,WIG
2021-09-08,,,,,,,WIG
2021-09-09,,,,,,,WIG
2021-09-10,,,,,,,WIG
2021-09-13,,,,,,,WIG
2021-09-14,,,,,,,WIG
2021-09-15,,,,,,,WIG
2021-09-16,,,,,,,WIG
2021-09-17,,,,,,,WIG
2021-09-20,,,,,,,WIG
2021-09-21,,,,,,,WIG
2021-09-22,,,,,,,WIG
2021-09-23,,,,,,,WIG
2021-09-24,,,,,,,WIG
2021-09-27,,,,,,,WIG
2021-09-28,,,,,,,WIG
2021-09-29,,,,,,,WIG
2021-09-30,,,,,,,WIG
2021-10-01,,,,,,,WIG
2021-10-04,,,,,,,WIG
2021-10-05,,,,,,,WIG
2021-10-06,,,,,,,WIG
2021-10-07,,,,,,,WIG
2021-10-08,,,,,,,WIG
2021-10-11,,,,,,,WIG
2021-10-12,,,,,,,WIG
2021-10-13,,,,,,,WIG
2021-10-14,,,,,,,WIG
2021-10-15,,,,,,,WIG
2021-10-18,,,,,,,WIG
2021-10-19,,,,,,,WIG
2021-10-20,,,,,,,WIG
2021-10-21,,,,,,,WIG
2021-10-22,,,,,,,WIG
2021-10-25,,,,,,,WIG
2021-10-26,,,,,,,WIG
2021-10-27,,,,,,,WIG
2021-10-28,,,,,,,WIG
2021-10-29,,,,,,,WIG
2021-11-01,,,,,,,WIG
2021-11-02,,,,,,,WIG
2021-11-03,,,,,,,WIG
2021-11-04,,,,,,,WIG
2021-11-05,,,,,,,WIG
2021-11-08,,,,,,,WIG
2021-11-09,,,,,,,WIG
2021-11-10,,,,,,,WIG
2021-11-11,,,,,,,WIG
2021-11-12,,,,,,,WIG
2021-11-15,,,,,,,WIG
2021-11-16,,,,,,,WIG
2021-11-17,,,,,,,WIG
2021-11-18,,,,,,,WIG
2021-11-19,,,,,,,WIG
2021-11-22,,,,,,,WIG
2021-11-23,,,,,,,WIG
2021-11-24,,,,,,,WIG
2021-11-26,,,,,,,WIG
2021-11-29,,,,,,,WIG
2021-11-30,,,,,,,WIG
2021-12-01,,,,,,,WIG
2021-12-02,,,,,,,WIG
2021-12-03,,,,,,,WIG
2021-12-06,,,,,,,WIG
2021-12-07,,,,,,,WIG
2021-12-08,,,,,,,WIG
2021-12-09,,,,,,,WIG
2021-12-10,,,,,,,WIG
2021-12-13,,,,,,,WIG
2021-12-14,,,,,,,WIG
2021-12-15,,,,,,,WIG
2021-12-16,,,,,,,WIG
2021-12-17,,,,,,,WIG
2021-12-20,,,,,,,WIG
2021-12-21,,,,,,,WIG
2021-12-22,,,,,,,WIG
2021-12-23,,,,,,,WIG
2021-12-27,,,,,,,WIG
2021-12-28,,,,,,,WIG
2021-12-29,,,,,,,WIG
2021-12-30,,,,,,,WIG
2021-12-31,,,,,,,WIG
2022-01-03,,,,,,,WIG
2022-01-04,,,,,,,WIG
2022-01-05,,,,,,,WIG
2022-01-06,,,,,,,WIG
2022-01-07,,,,,,,WIG
2022-01-10,,,,,,,WIG
2022-01-11,,,,,,,WIG
2022-01-12,,,,,,,WIG
2022-01-13,,,,,,,WIG
2022-01-14,,,,,,,WIG
2022-01-18,,,,,,,WIG
2022-01-19,,,,,,,WIG
2022-01-20,,,,,,,WIG
2022-01-21,,,,,,,WIG
2022-01-24,,,,,,,WIG
2022-01-25,,,,,,,WIG
2022-01-26,,,,,,,WIG
2022-01-27,,,,,,,WIG
2022-01-28,,,,,,,WIG
2022-01-31,,,,,,,WIG
2022-02-01,,,,,,,WIG
2022-02-02,,,,,,,WIG
2022-02-03,,,,,,,WIG
2022-02-04,,,,,,,WIG
2022-02-07,,,,,,,WIG
2022-02-08,,,,,,,WIG
2022-02-09,,,,,,,WIG
2022-02-10,,,,,,,WIG
2022-02-11,,,,,,,WIG
2022-02-14,,,,,,,WIG
2022-02-15,,,,,,,WIG
2022-02-16,,,,,,,WIG
2022-02-17,,,,,,,WIG
2022-02-18,,,,,,,WIG
2022-02-22,,,,,,,WIG
2022-02-23,,,,,,,WIG
2022-02-24,,,,,,,WIG
2022-02-25,,,,,,,WIG
2022-02-28,,,,,,,WIG
2022-03-01,,,,,,,WIG
2022-03-02,,,,,,,WIG
2022-03-03,,,,,,,WIG
2022-03-04,,,,,,,WIG
